{
    "loss": [
        191.0592041015625,
        126.42920684814453,
        116.03691101074219,
        103.43399810791016,
        93.13896942138672,
        94.34019470214844,
        93.25162506103516,
        82.00279235839844,
        78.05360412597656,
        74.85157012939453,
        77.83678436279297,
        60.784141540527344,
        54.81450653076172,
        51.053592681884766,
        48.246498107910156,
        46.815643310546875,
        45.501243591308594,
        43.02899932861328,
        42.23747253417969,
        40.88296127319336,
        39.7047119140625,
        36.99163818359375,
        35.04841232299805,
        33.415557861328125,
        31.824201583862305,
        31.49814796447754,
        31.31623649597168,
        32.08339309692383,
        31.408170700073242,
        29.752939224243164,
        31.001523971557617,
        30.527780532836914,
        30.740581512451172,
        30.563121795654297,
        30.532785415649414,
        30.806547164916992
    ],
    "val_loss": [
        3430.6181640625,
        587.8267822265625,
        1718.5250244140625,
        509.44659423828125,
        1196.40966796875,
        879.7015991210938,
        498.74853515625,
        318.2457580566406,
        458.35418701171875,
        432.71868896484375,
        403.0108337402344,
        208.13748168945312,
        127.70085144042969,
        110.42281341552734,
        98.64927673339844,
        94.30014038085938,
        92.36907958984375,
        98.53575134277344,
        89.15579223632812,
        99.09355926513672,
        104.42872619628906,
        96.7226791381836,
        93.91683959960938,
        94.71342468261719,
        94.99333953857422,
        91.57778930664062,
        93.67604064941406,
        93.98077392578125,
        94.41642761230469,
        95.68791198730469,
        96.11032104492188,
        97.35054016113281,
        98.3254165649414,
        98.40560913085938,
        98.51405334472656,
        98.4367446899414
    ],
    "mae": [
        9.97528076171875,
        8.126733779907227,
        7.750556945800781,
        7.350696086883545,
        6.9405975341796875,
        6.97000789642334,
        6.947168350219727,
        6.507449150085449,
        6.38585901260376,
        6.243780136108398,
        6.354353904724121,
        5.631124496459961,
        5.385621070861816,
        5.211665153503418,
        5.035539627075195,
        4.981212615966797,
        4.9307861328125,
        4.807340145111084,
        4.793389797210693,
        4.659458637237549,
        4.623953819274902,
        4.490715503692627,
        4.3470139503479,
        4.259954929351807,
        4.161787986755371,
        4.140456676483154,
        4.144442558288574,
        4.1835103034973145,
        4.136638641357422,
        4.049446105957031,
        4.114307880401611,
        4.0811076164245605,
        4.09620475769043,
        4.07832670211792,
        4.083724498748779,
        4.086710453033447
    ],
    "val_mae": [
        55.54237365722656,
        20.30771255493164,
        38.75138854980469,
        18.669193267822266,
        31.643798828125,
        27.328086853027344,
        18.96733283996582,
        15.607620239257812,
        17.419836044311523,
        17.457015991210938,
        16.899768829345703,
        11.64529037475586,
        8.736102104187012,
        7.960173606872559,
        7.47007417678833,
        7.090658187866211,
        6.882360458374023,
        6.936344623565674,
        6.584482192993164,
        6.981472492218018,
        7.089023113250732,
        6.782403945922852,
        6.665095329284668,
        6.592503070831299,
        6.596821308135986,
        6.468481540679932,
        6.550355911254883,
        6.572309970855713,
        6.599538803100586,
        6.646620750427246,
        6.664137363433838,
        6.717979431152344,
        6.768162727355957,
        6.773018836975098,
        6.778692245483398,
        6.779608726501465
    ]
}