{
    "loss": [
        0.3690517544746399,
        0.2856774926185608,
        0.2553711235523224,
        0.23280686140060425,
        0.17174915969371796,
        0.1482313871383667,
        0.1360815465450287,
        0.12371142953634262,
        0.10980386286973953,
        0.10063225775957108,
        0.09028403460979462,
        0.06371702998876572,
        0.05837103724479675,
        0.05038722977042198,
        0.04535666108131409,
        0.04026736691594124,
        0.03547528013586998,
        0.032192107290029526,
        0.032514117658138275,
        0.034415166825056076,
        0.03289959579706192,
        0.030536994338035583,
        0.03239000588655472,
        0.03233562037348747,
        0.03117500990629196,
        0.029142437502741814,
        0.02859952487051487,
        0.03141292184591293,
        0.03191712871193886,
        0.03155088052153587
    ],
    "val_loss": [
        0.6665006875991821,
        2.196751594543457,
        0.7372519373893738,
        0.7228908538818359,
        0.44896164536476135,
        0.3567321300506592,
        0.35826635360717773,
        0.3130151331424713,
        0.3548365533351898,
        0.33391648530960083,
        0.3721700608730316,
        0.3351353108882904,
        0.30512523651123047,
        0.3191966116428375,
        0.3210276663303375,
        0.3140465319156647,
        0.3201036751270294,
        0.32592281699180603,
        0.3324536979198456,
        0.338079035282135,
        0.3438527584075928,
        0.3500468134880066,
        0.35428863763809204,
        0.35815364122390747,
        0.3607439696788788,
        0.36341753602027893,
        0.3664521872997284,
        0.3691866099834442,
        0.3708106577396393,
        0.37236565351486206
    ],
    "accuracy": [
        0.8348199129104614,
        0.8809375762939453,
        0.894074559211731,
        0.9045149683952332,
        0.9327248930931091,
        0.9403305053710938,
        0.9458618760108948,
        0.9535366296768188,
        0.9578233957290649,
        0.9616953730583191,
        0.9652907252311707,
        0.9758694767951965,
        0.977321445941925,
        0.9812625050544739,
        0.9836825132369995,
        0.9846504926681519,
        0.9860333204269409,
        0.9874852895736694,
        0.9880384206771851,
        0.9874852895736694,
        0.9869321584701538,
        0.9886606931686401,
        0.9879001379013062,
        0.9877618551254272,
        0.9885915517807007,
        0.98928302526474,
        0.9885915517807007,
        0.988176703453064,
        0.9875544309616089,
        0.9881075620651245
    ],
    "val_accuracy": [
        0.8417340517044067,
        0.5942750573158264,
        0.8348890542984009,
        0.8579133152961731,
        0.8923459649085999,
        0.9108068943023682,
        0.9016801714897156,
        0.9039618372917175,
        0.8927608132362366,
        0.9072806239128113,
        0.8958722352981567,
        0.9101846218109131,
        0.9143331050872803,
        0.9141256809234619,
        0.91184401512146,
        0.914747953414917,
        0.9170296788215637,
        0.9168222546577454,
        0.9143331050872803,
        0.9139182567596436,
        0.9130885601043701,
        0.9143331050872803,
        0.9137108325958252,
        0.912466287612915,
        0.912466287612915,
        0.9126737117767334,
        0.9126737117767334,
        0.912466287612915,
        0.9122588634490967,
        0.9122588634490967
    ]
}